Velocity_m_s,X,U_magnitude,U_x,U_y,U_z,p,k,epsilon,nut
5.0,-0.014525308774999999,7.43593223272749,7.4354270006423935,-0.0851760358929252,-0.01607889123260975,-6.547698436470475,0.6763027345423122,558.0707322387527,0.0004123857425787057
5.0,-0.013185175893299997,7.683618980680407,7.683063322436829,-0.09096226270604085,-0.016263162717223167,-6.550665951963066,0.4197238210510452,109.48496718247205,0.0006623992241389114
5.0,-0.011898585760699998,7.785364121075745,7.784827567244724,-0.08963075380716741,-0.017904579639434814,-6.797767093088184,0.3413937926003383,74.28791267799386,0.0006434812984698402
5.0,-0.010663399167000001,7.818599802296907,7.818073559004524,-0.0887417595983833,-0.01880411058664322,-6.889297927013563,0.31890927221065923,71.57783136240559,0.0006279282008019684
5.0,-0.009489201220909092,7.650409250326496,7.649829730454561,-0.09394089949886328,-0.006473015993833542,-6.50747713016152,0.37319132703309843,-9.54236011837287,0.0007974132281788084
5.0,-0.0094775623693,7.826937916245301,7.826413260360037,-0.08860110560923443,-0.01903856359422207,-6.916697610617522,0.3144932061198995,73.09301089411144,0.0006215389398500546
5.0,-0.009436034686181817,7.832384993383028,7.831860166557162,-0.08864886993333149,-0.01903664693236351,-6.930668252312361,0.3103319287835671,69.23775473842659,0.0006221874368120997
5.0,-0.008339103679699996,7.833287383834783,7.832763405253868,-0.08854486519321486,-0.019195882603526115,-6.936691669373684,0.31253077105223404,75.14667873377118,0.0006160769115034178
5.0,-0.0072461301877000004,7.838434551340092,7.837911257992864,-0.08847676841473097,-0.01936979405581951,-6.9540929131834535,0.3110813855646253,77.197466003979,0.0006111900132291831
5.0,-0.0067997474382,7.840741259254955,7.840217859746741,-0.0884583378920149,-0.019558342173695564,-6.962675765343265,0.3111779908398511,79.61653556344342,0.0006075249858670368
5.0,-0.006196824607899999,7.843010105412252,7.842487505300915,-0.08839911538268527,-0.019566277042031288,-6.970141097806327,0.30961688635531104,79.19920935202359,0.0006065375572898051
5.0,-0.005189442262,7.846981843284118,7.846459810503282,-0.08833039592278578,-0.01975429430603981,-6.984567303904259,0.30838501591657197,81.10804691109595,0.0006022875460575789
5.0,-0.0042223081786,7.85021234876189,7.849690560382646,-0.0883016593872524,-0.019870677962899208,-6.996109209060011,0.3075970599930611,82.67712575780408,0.0005988656440797286
5.0,-0.00329381430636,7.84991108197033,7.8493883461969105,-0.08837624984335608,-0.019905373454093933,-6.99594748134622,0.30870454858695373,83.89161244430028,0.0005979041670884614
5.0,-0.001000971973818182,7.844554643310973,7.844027509043833,-0.08872731084798466,-0.01993623748421669,-6.9794945073001635,0.3123060055017355,83.87049816718368,0.0006006293763017613
5.0,0.020625368068000003,7.94982395192076,7.949280224597446,-0.09164716143206117,-0.015670837834477425,-7.349792674683273,0.3527734038471635,138.47620601020878,0.0005034450771717522
5.0,0.021314111989000007,7.952342685553463,7.951799081366728,-0.09165468867611229,-0.01565171219408512,-7.355021087198023,0.35070895115798595,135.98216740351393,0.000502850629753407
5.0,0.022008210707,7.954583255140221,7.954039794106659,-0.09165556127727972,-0.015651671215891838,-7.359576731228949,0.3485410511709186,133.45039927631748,0.0005023555983730223
5.0,0.022707705852000003,7.956733689042352,7.956190304543368,-0.09166050036932452,-0.015658508986234665,-7.363865336476637,0.3463747850997114,130.95092619323395,0.0005019265191434337
5.0,0.023412639384,7.95877864181176,7.958235295304606,-0.0916688578552631,-0.015661239624023438,-7.3679959751201585,0.34434985275039875,128.56002385155446,0.0005014726590761203
5.0,0.024123053585999997,7.960530022324489,7.959986824664249,-0.0916682478816315,-0.015649914741516113,-7.3718680374770935,0.3424246913882907,126.26413575689966,0.0005010403602888746
5.0,0.024838991063,7.962257865231006,7.961714770133291,-0.09167131045757351,-0.015639767050743103,-7.37543027842883,0.34047726792258937,123.89164530243858,0.0005006658184147522
5.0,0.025560494760000003,7.964103682438593,7.963560635055336,-0.09167707555557779,-0.015645774081349373,-7.378422241133971,0.33819815953729737,121.2148984116933,0.0005004034732468661
5.0,0.026287607951,7.966139297441945,7.965596143633755,-0.0916946588926944,-0.01566755585372448,-7.3813112434631805,0.33588678131376914,118.37305331612427,0.0005002394709310548
5.0,0.027020374252,7.968575918041749,7.968032335219489,-0.09174070766595258,-0.015700606629252434,-7.3842839304815024,0.3335329212778795,115.46170334630571,0.0005001087373777012
5.0,0.047311567314000005,7.997886194136636,7.997266877381184,-0.09928941516423848,-0.006904950365424156,-7.571493161969086,0.4427958363121547,182.77763435411896,0.00044128624823219905
5.0,0.048207789195999995,7.998601206477785,7.997978527358374,-0.09957639928605255,-0.006728810258209705,-7.572024888842045,0.44168467140757706,178.81065961824757,0.00044388228488979756
5.0,0.04911097895699999,7.9995943847947135,7.99896807823202,-0.09988865071837028,-0.006500932388007641,-7.573894160324704,0.44092827048411354,175.14946326901514,0.00044646797993795184
5.0,0.050021190775999994,8.000525237687368,7.999895630218005,-0.1001728094762102,-0.006276363041251898,-7.575084551520401,0.44027133418863085,171.7819142484721,0.00044881601309359185
5.0,0.050938479241,8.00105281335512,8.000419824734855,-0.10046130582431931,-0.006022966001182795,-7.576371321150189,0.4399680385571083,168.68737342497846,0.00045118082697399083
5.0,0.051862899378,8.001326353339138,8.00068970224585,-0.10077198572735005,-0.005719082895666361,-7.578467669626339,0.44025846710123284,165.93483340656675,0.00045349334743304817
5.0,0.05279450663199999,8.001134774123727,8.000494466532942,-0.10107779431318395,-0.0054077873937785625,-7.580477042442457,0.4407922469887642,163.4042308706176,0.0004557991360897315
5.0,0.05373335687499999,8.000789074139565,8.000145084566006,-0.10138359442716185,-0.005079522263258696,-7.582854063724228,0.4414980986403072,161.08465231946525,0.00045795604459535695
5.0,0.07633931629800002,7.901340980492245,7.900506793772648,-0.11466154279921631,0.005867040250450373,-7.6288839337072885,0.655579166970806,245.30036832335685,0.0004971766959755135
5.0,0.07746122105399998,7.899120589327359,7.89828042587339,-0.11504203291360582,0.006142447702586651,-7.616527748318146,0.6571019765523758,241.9206511241239,0.000501482025062032
5.0,0.07859184831199997,7.896337430446912,7.895491691593114,-0.11538797268128573,0.0064326683059334755,-7.606955254188767,0.6593427900346979,239.35881519723608,0.0005057646221202435
5.0,0.07973126588999999,7.892739817608139,7.891888462121999,-0.11572908560901275,0.00671629561111331,-7.598072923675218,0.6624975752012375,237.5794362201682,0.0005102244899743082
5.0,0.08087954213199999,7.888209947665239,7.887353304272828,-0.11604406074303271,0.006914332043379545,-7.587661702099898,0.6659440143487967,236.29502890713047,0.0005144285493381543
5.0,0.082036745907,7.8834640167522485,7.882602244414863,-0.11634719010440833,0.007077508606016636,-7.577147520148647,0.6695164692570624,235.16432744370013,0.0005185243144898942
5.0,0.083202946631,7.878884187546812,7.878017001189779,-0.11666931548488767,0.00724158575758338,-7.5663789931591365,0.673296431479555,234.10010180210597,0.0005227013490818903
5.0,0.11267671252000003,7.574129882342538,7.572871119033339,-0.13746862049764075,0.012994902208447456,-7.672278676260696,1.2376936300639494,431.24138257740333,0.0007023771545049855
5.0,0.11408113065,7.571735572070309,7.570458997603993,-0.13838971033286007,0.013357657939195633,-7.669844298057174,1.2472120324366265,429.92108693258587,0.0007090067115329514
5.0,0.1154964678,7.568473847428419,7.5671793780131775,-0.13929669929326752,0.01375026348978281,-7.665428285221004,1.2570986275363927,428.5728022495372,0.0007159128578323776
5.0,0.11692280877000001,7.564064780285664,7.562752414301298,-0.14018631128567546,0.014132178388535976,-7.659271818906765,1.2677176254204277,427.5163608271964,0.0007229621281040199
5.0,0.11836023916999998,7.558241921968731,7.556910903419179,-0.14109431025016475,0.014523925259709358,-7.64999363160539,1.2791243239286203,426.703609641169,0.0007305891626316018
5.0,0.11980884517999998,7.552319315605258,7.550969221785231,-0.14201451768863313,0.014924251474440098,-7.638150837679794,1.2905203253939166,425.87139233889695,0.0007380265359444681
5.0,0.14597592738545453,7.3549074512248,7.35191765969079,-0.20910441674943564,0.01567431353032589,-5.911176236222525,1.9939358849795037,543.3069228999336,0.0011069272084584193
5.0,0.15992251389999998,7.153772053784945,7.150535425686086,-0.21231738507906628,0.03491491824388504,-6.56994728044566,2.3035215309045673,570.650327518215,0.001253681573401223
5.0,0.16169425533999998,7.163631963862355,7.160325657879971,-0.21481517203342418,0.034840043634176254,-6.473261845781883,2.3048910076946454,561.8713021197395,0.0012603941072106268
5.0,0.16347977159000002,7.173915313041665,7.170536145279041,-0.21739962183867795,0.034780919551849365,-6.369795130467737,2.3031940839542386,551.9856926028456,0.0012667839535366603
5.0,0.16527916973000004,7.187325970315341,7.1838721060148965,-0.2200744748192492,0.03468996286392212,-6.263856425853838,2.298661243939356,542.1339965943441,0.001272087540621621
5.0,0.16709255769999998,7.20221562533044,7.198675738458066,-0.22310791604850008,0.03464655950665474,-6.143194387481786,2.2947026232295404,531.9666406581199,0.0012782816280858605
5.0,0.16892004428999993,7.2196297651370385,7.2159903258515,-0.22652148945622474,0.035008251667022705,-6.005412248244288,2.2888575445395523,520.9419441025483,0.001286535622686008
5.0,0.1707617391,7.2352125960648905,7.2314670717083525,-0.23008609064076357,0.03529436141252518,-5.8586843097683525,2.285152333967657,509.8591313158695,0.001295919242993247
5.0,0.24082421168999998,6.801864664530287,6.793915514098209,-0.32436040430818813,0.053527843207120895,0.042552165172534684,2.5743353746679736,350.1080132337972,0.002001811527689933
5.0,0.24422606744999995,6.7424773652848815,6.734313308927981,-0.3273606782212205,0.05348144471645355,0.2867009527782296,2.6227187889961376,352.38309144140635,0.0020635034475974257
5.0,0.24667734905999997,6.433960433934798,6.424747453130331,-0.3404637081825563,0.050512298941612244,4.355925260006698,2.34438688988166,227.06618180112434,0.0022457950460546524
5.0,0.24776031304999996,6.674189614745943,6.66583541594009,-0.3296315761642614,0.05280383676290512,0.5260833566794321,2.6707705184047104,353.8869936921909,0.0021272787871679587
8.0,-0.014525308774999999,8.691468926847874,8.691306252880596,-0.04894586416114732,-0.020785268396139145,-6.458678143218485,0.5821004389480802,433.5288368398484,0.0004562747525618195
8.0,-0.013185175893299997,8.944000329367519,8.943762805840997,-0.06073667987563716,-0.02366052195429802,-6.443937884467028,0.4204257921524208,81.87273416250565,0.0007054630517382466
8.0,-0.011898585760699998,9.094672797668563,9.094445145544897,-0.05903600561587487,-0.02560354210436344,-6.6593446249373605,0.3583165655221363,59.13880490253729,0.0006843964128012228
8.0,-0.010663399167000001,9.157915540817765,9.157695195072066,-0.057297640068792996,-0.027436241507530212,-6.771748676993292,0.33278295389811485,59.22308383144994,0.0006617543369839365
8.0,-0.009489201220909092,8.951875257589453,8.951630586251609,-0.06565493115469109,-0.008360905572772026,-6.484630269756271,0.37958228679995654,-10.884319427264245,0.000807217561743845
8.0,-0.0094775623693,9.177191738489007,9.176971500210959,-0.05689764138801212,-0.028371600434184074,-6.8124593976919465,0.325681853450581,62.01999798288762,0.0006511203331668717
8.0,-0.009436034686181817,9.196121840656382,9.195901584110523,-0.05693053760483881,-0.02845834568142891,-6.841487641762688,0.31975533426694325,58.68905001233924,0.0006483994166971146
8.0,-0.008339103679699996,9.194699423975042,9.194478527289036,-0.05666428411464329,-0.029176486656069756,-6.846027771216419,0.3216172835092155,65.42135657375027,0.0006416676143229441
8.0,-0.0072461301877000004,9.212702004643917,9.212480086671043,-0.05654081528537927,-0.029866624623537064,-6.877916339155495,0.3186500923073583,69.04598899372843,0.0006324482646279876
8.0,-0.0067997474382,9.224503832736692,9.22428078475539,-0.05654146761829085,-0.030298953875899315,-6.897607158448298,0.3176093900242454,72.33534688677781,0.000625992856400571
8.0,-0.006196824607899999,9.229175988685974,9.228953798954771,-0.05637850299638042,-0.03037550486624241,-6.90891916577834,0.3152029383216104,72.18546818550149,0.0006238276550949193
8.0,-0.005189442262,9.243602631388006,9.243380332281227,-0.056262523287815544,-0.030727321282029152,-6.936671453409461,0.3125859157125108,75.2823773122301,0.00061597817840193
8.0,-0.0042223081786,9.25294721494695,9.252724658749738,-0.056143502182948654,-0.031087925657629967,-6.957577111110511,0.3112714304030979,78.24173182348179,0.0006097333097328243
8.0,-0.00329381430636,9.252170703826629,9.251946633492818,-0.05628058528479585,-0.03128449246287346,-6.958093793544978,0.3132242662150855,80.88529277234551,0.0006075709377354169
8.0,-0.001000971973818182,9.24049502460072,9.24026531365883,-0.05698906118604889,-0.03158290311694145,-6.936568493033529,0.3187683469677296,82.2478021231,0.000609791164208301
8.0,0.020625368068000003,9.485927560901759,9.485681467442774,-0.06513221763982971,-0.02065388858318329,-7.459507533358719,0.37875154270486067,155.0220781556238,0.0004686433174572956
8.0,0.021314111989000007,9.491900297056212,9.491652081890964,-0.06555670845629072,-0.020354939624667168,-7.467267172649786,0.37907658984127,153.99416031017543,0.00046694983012960213
8.0,0.022008210707,9.496805340337108,9.496555099806923,-0.06596390821466694,-0.02004174143075943,-7.475250127824721,0.38010759074896394,153.43745314285303,0.00046531546558797746
8.0,0.022707705852000003,9.50090088983033,9.50064872832279,-0.06634814924329802,-0.019732777029275894,-7.483191710793802,0.38154615154399973,153.19162475189498,0.00046374373607713845
8.0,0.023412639384,9.505193101440282,9.504938321950245,-0.06685038628222068,-0.019349869340658188,-7.490114033055036,0.38362020348885517,152.9366795071046,0.0004623723996398726
8.0,0.024123053585999997,9.510347856285295,9.510090064815525,-0.06741961875834791,-0.018918288871645927,-7.496604297848321,0.3855980586374499,152.25086640481118,0.00046111189403589756
8.0,0.024838991063,9.51664937986445,9.516388908668977,-0.06793360626153495,-0.01850900799036026,-7.503442465281738,0.38625305465784887,150.4142955030711,0.0004599567557734311
8.0,0.025560494760000003,9.521050149205708,9.520787182699507,-0.06838725720632907,-0.01818099245429039,-7.5090060866916435,0.3861242816641284,147.78849311639544,0.0004596113850429302
8.0,0.026287607951,9.5247922171785,9.524526566590584,-0.06886703535501026,-0.017826782539486885,-7.513400943286183,0.3860347226510492,144.92395982431856,0.0004597763629822741
8.0,0.027020374252,9.527456765675074,9.527188628633716,-0.06933280105387654,-0.017384445294737816,-7.517679205482409,0.38604401554750334,142.04928514597538,0.0004602627113132196
8.0,0.047311567314000005,9.367144660940113,9.366637767944454,-0.09699740535605925,0.009355557151138783,-7.625104958813524,0.6355470521673259,232.63876961636586,0.0004967493728682837
8.0,0.048207789195999995,9.36095508178866,9.360437636045472,-0.09792365455157923,0.009912761859595776,-7.610561218039871,0.6403578110580297,230.32867170230136,0.0005020825213462787
8.0,0.04911097895699999,9.353031538124398,9.352504209753807,-0.0987711578456302,0.010402791202068329,-7.598472541572669,0.6463594903712302,229.42574310171813,0.0005071967399035834
8.0,0.050021190775999994,9.3429862619389,9.342449692105461,-0.09953980934001226,0.010856685228645802,-7.5879442554603305,0.6533862476471315,229.64965911964185,0.0005123387637315639
8.0,0.050938479241,9.331256261379218,9.330710749775882,-0.10027229871708175,0.011215420439839363,-7.575967001865711,0.6606980211208711,230.3572620965264,0.0005173603956156354
8.0,0.051862899378,9.31982074309621,9.319265755113683,-0.10105035397161771,0.01154534425586462,-7.564222466929017,0.6685319328316389,231.1524143395493,0.000522598908610979
8.0,0.05279450663199999,9.30877894001779,9.308213420073336,-0.10191708414284825,0.01188227441161871,-7.550598787596905,0.6763803455456647,231.73081857961196,0.0005281058156401104
8.0,0.05373335687499999,9.298522070589595,9.297945431745124,-0.10282688099402687,0.012250635772943497,-7.536223356478883,0.6834254843749917,231.5676914861013,0.0005331555454819174
8.0,0.07633931629800002,8.776789591673799,8.775578058583982,-0.14363076831493712,0.02520866133272648,-7.665719301078088,1.316443319591337,430.8871170797065,0.0007482301922213521
8.0,0.07746122105399998,8.76214869906331,8.760895992587205,-0.14581817598477936,0.026235302910208702,-7.658292519988661,1.3387910761175426,434.0021559760268,0.000758474141750128
8.0,0.07859184831199997,8.749864480576795,8.748562347201867,-0.14842746341859053,0.02746950462460518,-7.647213231316546,1.3624841836449548,437.0989908612747,0.0007697867892963917
8.0,0.07973126588999999,8.738809140630293,8.73745141713436,-0.15126181814993442,0.02911686711013317,-7.634965177829066,1.3864681281954567,439.88818389871756,0.0007812452925607625
8.0,0.08087954213199999,8.728231155800987,8.726813623676215,-0.15423870974042198,0.030878910794854164,-7.623248851214546,1.4115690584757876,442.53354149141467,0.0007933087799776293
8.0,0.082036745907,8.71955153300387,8.718068619788426,-0.1574473796621174,0.03269250690937042,-7.60878127291076,1.4368172198930707,444.6438407325671,0.0008059395924786383
8.0,0.083202946631,8.71358689852219,8.712031873193396,-0.16097145466452448,0.034430645406246185,-7.5902126747017356,1.4619173587454068,446.1575354346586,0.0008190446555787898
8.0,0.11267671252000003,8.502248895802884,8.496804071909553,-0.2974693439972243,0.06378745287656784,-5.555521479018079,2.1861497978160704,456.87862887897643,0.0012796958919585558
8.0,0.11408113065,8.476098585052576,8.47039789468966,-0.30410453549954997,0.06424298137426376,-5.393063639821121,2.214690682640391,452.9306896587615,0.0013083376134700566
8.0,0.1154964678,8.438622920028815,8.432695520137951,-0.30960066901970157,0.06442419439554214,-5.251528383318517,2.245095405922197,450.5794619643784,0.0013361434451295096
8.0,0.11692280877000001,8.396026180724368,8.389913856323014,-0.31366954896045773,0.06490396708250046,-5.146027847975704,2.2736229641202836,449.75181793731866,0.0013602454927819883
8.0,0.11836023916999998,8.354509833354577,8.348238933436047,-0.3169013925852441,0.06568693369626999,-5.057980036630625,2.2969377180063524,448.7786160631605,0.0013821785341970386
8.0,0.11980884517999998,8.324114800511742,8.317691716786193,-0.32014109809239344,0.06634300202131271,-4.9583256760581484,2.3102479540214427,445.14759887584046,0.0013988727699296853
8.0,0.14597592738545453,6.91916879920371,6.905319734972245,-0.43343756653925525,0.05990079790353775,5.562355237552554,1.9661127487565824,190.17979209946876,0.002083229043207867
8.0,0.15992251389999998,7.145326855304294,7.130824034235549,-0.4477270460451985,0.08114773035049438,1.1930281148561954,2.742233606974577,349.39935231581234,0.0022604910584492328
8.0,0.16169425533999998,7.079713045147956,7.065042363462228,-0.44840669222050217,0.08027853071689606,1.421879646882194,2.7388801989113,344.21061151626026,0.002291968722444971
8.0,0.16347977159000002,7.0191953745475155,7.004372075493984,-0.44899860385512674,0.07921987026929855,1.643059455554565,2.7350159879022735,339.2875772641288,0.0023224458845081423
8.0,0.16527916973000004,6.961899756349032,6.946918800396662,-0.4498205094362903,0.07764603942632675,1.8689566359716536,2.731407484725345,333.40242910298457,0.002353282563843036
8.0,0.16709255769999998,6.9186584201507,6.903545107987787,-0.45052635059032903,0.07697586715221405,2.0847742776683047,2.726563741158216,326.72572569855834,0.0023839372893891203
8.0,0.16892004428999993,6.878207465824393,6.863004400045675,-0.45070171800941544,0.07600335031747818,2.2914818066498617,2.7212187939010164,320.57981547260937,0.0024115709478856775
8.0,0.1707617391,6.837953709559195,6.82269102135832,-0.4505159132637438,0.07438798993825912,2.501277206631947,2.7161806143465412,315.7237990051233,0.0024386244518486404
8.0,0.24082421168999998,6.616401320293272,6.599505480493533,-0.4706310476006011,0.04242948442697525,9.734525934085754,2.170501785624338,102.19797282201415,0.002806846773320452
8.0,0.24422606744999995,6.632129129778553,6.6149661795794605,-0.4747000461473412,0.044934432953596115,9.94542263397934,2.1638658916580837,93.52579576259006,0.002823668962079385
8.0,0.24667734905999997,6.5870730270659585,6.571000580143094,-0.45795508389994866,0.04194735735654831,9.944388328833,2.0162336028324948,90.07080512605572,0.0026903980070426318
8.0,0.24776031304999996,6.649619923413773,6.632199682153151,-0.47861851675677075,0.04792512208223343,10.136937395707916,2.1542872131081316,84.8835380198959,0.0028349175111595645
10.0,-0.014525308774999999,9.522468158480432,9.522405475233903,-0.02450137419912661,-0.02436138689517975,-6.413709376287829,0.5319128751511939,357.03238992997734,0.0005043110406191889
10.0,-0.013185175893299997,9.740824633785591,9.740705017485228,-0.040154924182458154,-0.026793479919433594,-6.368185375549069,0.4223997667508479,69.62262257447591,0.0007305353082126085
10.0,-0.011898585760699998,9.938430480772315,9.938311762364277,-0.038431333552230704,-0.0297114085406065,-6.5816668980311,0.3689200667354362,52.37216908044161,0.0007064269677883451
10.0,-0.010663399167000001,10.021509023168498,10.021390271829858,-0.03639111577606437,-0.03249319642782211,-6.695577744629768,0.34541394045425866,53.80453966455306,0.0006827998048903054
10.0,-0.009489201220909092,9.821855267859066,9.821739751854036,-0.0467799833450144,-0.008987924084067345,-6.475742297578288,0.38197730109157124,-11.884708531661886,0.0008121487533264548
10.0,-0.0094775623693,10.053088711612693,10.052967885679351,-0.03602764773833182,-0.033635422587394714,-6.741670613199015,0.33692595180076323,56.6538237564902,0.0006707492932664205
10.0,-0.009436034686181817,10.083758453183803,10.083637155041385,-0.03605105547644466,-0.033861320465803146,-6.77937479689274,0.32940524133641924,53.38084353408752,0.0006661700090919793
10.0,-0.008339103679699996,10.082757905398774,10.082634961257314,-0.035749872523983775,-0.034657806158065796,-6.78495393287984,0.3297440746378979,59.48278053100637,0.0006590760552625491
10.0,-0.0072461301877000004,10.109000442646092,10.108874835578543,-0.03541653887802371,-0.03584936261177063,-6.825190753765989,0.32403833833484974,63.243542130031585,0.0006476274057958566
10.0,-0.0067997474382,10.129641638226383,10.129513414315724,-0.03543474489655592,-0.03663450479507446,-6.851478089198929,0.3227478511646311,67.48823939697806,0.0006391487494867654
10.0,-0.006196824607899999,10.134550098445649,10.134421781155325,-0.035158079495343136,-0.03694278001785278,-6.8628559159473745,0.32011326396003614,67.4285195498874,0.000636759837705114
10.0,-0.005189442262,10.159718038988872,10.159587494356217,-0.034936667538926575,-0.03784184902906418,-6.899633456257719,0.3162586522066875,71.37247942673577,0.0006262820312156006
10.0,-0.0042223081786,10.178647536871713,10.17851587632553,-0.03482893941810036,-0.038303788751363754,-6.929191546646609,0.3137557994683091,75.03585105135329,0.0006175783961199176
10.0,-0.00329381430636,10.178213628944906,10.178080182181654,-0.035054858401906,-0.038569916039705276,-6.93075287727888,0.31635250024889916,78.42772158098,0.0006146734770519332
10.0,-0.001000971973818182,10.160618037740196,10.16047833327539,-0.03609913325921352,-0.03918929025530815,-6.904876913210962,0.32364875152196815,80.96054393720266,0.0006167155546677849
10.0,0.020625368068000003,10.518694919236616,10.518549869799658,-0.05168603515143623,-0.01949344202876091,-7.535483828299251,0.416490199444258,175.1533609467529,0.0004461839759276444
10.0,0.021314111989000007,10.521290441281293,10.521143125234133,-0.05243612480933431,-0.01871739700436592,-7.542605489370506,0.4175767534911936,172.72640694203608,0.0004463340268269411
10.0,0.022008210707,10.522989801030883,10.522839706560006,-0.05328911363014174,-0.017864294350147247,-7.548099060113682,0.41920627820237333,170.23488512153762,0.00044708311057518576
10.0,0.022707705852000003,10.524654874964007,10.524501763015103,-0.054142136338373156,-0.017073560506105423,-7.551969241915805,0.42056763647302153,167.4488028021369,0.00044810410060193494
10.0,0.023412639384,10.52595024423968,10.525793771207377,-0.055055385470869536,-0.016215262934565544,-7.555236235762131,0.4220764556500398,164.7483283341537,0.00044965368345858655
10.0,0.024123053585999997,10.525507909347143,10.525347865482004,-0.0559872133835619,-0.015313140116631985,-7.557774514618991,0.42395964579849266,162.25790528756988,0.0004516572239449048
10.0,0.024838991063,10.525357287103166,10.525193232962192,-0.0569994053222182,-0.01430027186870575,-7.561513527723012,0.4262651010770282,160.14188945240198,0.0004538553037636015
10.0,0.025560494760000003,10.52491479996286,10.524746354705247,-0.0580754919987851,-0.013151152990758419,-7.566685523593415,0.4293423773599565,158.60549170550652,0.0004559584554125868
10.0,0.026287607951,10.523021397093189,10.52284797307836,-0.05925823934232291,-0.011760962195694447,-7.573367604977476,0.4338057248909164,157.90061339096437,0.00045799702078372145
10.0,0.027020374252,10.519638284826124,10.51945967308447,-0.060429092200044415,-0.010303142480552197,-7.5803171952834765,0.43878171352296835,157.6878670038149,0.0004599427067945633
10.0,0.047311567314000005,10.074074697925717,10.073509211259418,-0.10500441061215227,0.019164128229022026,-7.556235750644459,0.8430969503262257,297.76070246568213,0.0005743157364446613
10.0,0.048207789195999995,10.050530341754149,10.04994428502464,-0.10673138574884952,0.019708620384335518,-7.559618868750397,0.8631917155909645,300.8374355420067,0.0005841006551014012
10.0,0.04911097895699999,10.026632986407,10.026025843563751,-0.10848101251051209,0.020166760310530663,-7.561528572161504,0.8832815280482526,304.2826003185678,0.0005939225498900226
10.0,0.050021190775999994,10.003198869267182,10.00257032713073,-0.11027167694261208,0.0203623715788126,-7.561091343167823,0.903938207189238,308.22189040627893,0.0006037227858362226
10.0,0.050938479241,9.979320235443305,9.978669391238121,-0.11208176310457951,0.020669307559728622,-7.558120536704313,0.9242662650028701,312.1479859268292,0.0006133794099984404
10.0,0.051862899378,9.95960448507538,9.958928945406896,-0.11403537733284194,0.021253051236271858,-7.560141662988002,0.9442903634066616,316.478370854785,0.0006219206037759641
10.0,0.05279450663199999,9.941156865956213,9.940452790618167,-0.11622867519293711,0.022114386782050133,-7.56511855129671,0.9653284087213576,321.34854146057023,0.0006300616943428143
10.0,0.05373335687499999,9.92351387946911,9.922778488109852,-0.11857880405120269,0.02310539223253727,-7.5714301633828995,0.9873499182041939,326.3425617044915,0.0006387010358477063
10.0,0.07633931629800002,9.353015879765449,9.349980490326669,-0.22844126285571711,0.0677160769701004,-7.1988659274519,1.8260181860972238,485.577178093125,0.0010185320578267156
10.0,0.07746122105399998,9.36703203849755,9.363819128318365,-0.23531481002644838,0.06933601200580597,-7.106747420147918,1.8436790549788658,481.3200824988984,0.0010329377246580276
10.0,0.07859184831199997,9.38335098787211,9.379953183950867,-0.24243812445560986,0.07055341452360153,-7.010484170039328,1.8613851629058829,476.55565032202776,0.0010460455682852468
10.0,0.07973126588999999,9.397501091190989,9.393911200192921,-0.24969449785502112,0.07149671018123627,-6.910562770683615,1.879523862821817,471.62998049733073,0.0010585614523341287
10.0,0.08087954213199999,9.412537000368985,9.40875665149365,-0.25685176748300864,0.07195989042520523,-6.803989848959529,1.8962664199302381,466.51051071136385,0.001070380448493754
10.0,0.082036745907,9.426570454418437,9.422610363724697,-0.26371642767680165,0.07140105962753296,-6.68401186240017,1.9095015468756367,460.0269279586589,0.001081883732878266
10.0,0.083202946631,9.443719866314247,9.439552106827042,-0.27127961781291016,0.0714724063873291,-6.54877270340656,1.9204048716492563,452.5039496275864,0.001095235628732137
10.0,0.11267671252000003,8.648845994204907,8.636292573229506,-0.456134583709,0.09449265897274017,-2.1987430702107065,2.4485370268904747,376.9006500032138,0.00171250591660611
10.0,0.11408113065,8.62183024643824,8.608925777950207,-0.4614598229500303,0.09699783474206924,-1.924022279336019,2.4374276244790054,370.3024458284262,0.0017307024586132003
10.0,0.1154964678,8.592983643289283,8.579679322276766,-0.46743546351947124,0.09987346082925797,-1.628761716205799,2.427120730054176,364.16582321171524,0.0017513334298129679
10.0,0.11692280877000001,8.55758772208631,8.54382694590628,-0.47406933341226176,0.10289318114519119,-1.3132596874999833,2.420597320982912,357.61136954151556,0.0017768715953052697
10.0,0.11836023916999998,8.51193571516746,8.49769685589187,-0.4807015089338534,0.10546953976154327,-0.9932307446455382,2.418112543438736,350.9908854983641,0.0018054462792847943
10.0,0.11980884517999998,8.457039570215045,8.44230899471878,-0.48710884139735067,0.10799123346805573,-0.6866049897445125,2.4250078726076443,346.1850933925847,0.0018380543982676272
10.0,0.14597592738545453,6.529163126814086,6.5104803051697,-0.4915905887681434,0.04422697797417641,8.363381451569106,2.0238702447330965,158.55808109591914,0.0024997717055285328
10.0,0.15992251389999998,6.658318531176626,6.637126770225495,-0.5262231971994682,0.06959199160337448,6.011986960353474,2.603172764161023,218.03652458788832,0.002823255883075729
10.0,0.16169425533999998,6.664859680869112,6.64388708030946,-0.5240238017210209,0.06721670180559158,6.268674229630355,2.561938446558783,209.0254574414244,0.0028206398461357147
10.0,0.16347977159000002,6.670668459490443,6.649889302033711,-0.5221243438322034,0.06462303549051285,6.513470750833945,2.5217945635536454,200.25324741087903,0.002814490393448087
10.0,0.16527916973000004,6.68034277181166,6.659693514368932,-0.5211807146241108,0.06190723925828934,6.752406993106113,2.4850609693076633,192.0990828590264,0.002807726102810284
10.0,0.16709255769999998,6.696305899689015,6.675758763392777,-0.5207200489825532,0.06006884202361107,7.003991376901912,2.4438306343753315,184.2043031925112,0.002796097353239494
10.0,0.16892004428999993,6.715661896897949,6.69516016040501,-0.5211049423440959,0.058264732360839844,7.25551182183412,2.4041844319291923,177.36914990785957,0.002785757304792768
10.0,0.1707617391,6.732484699219325,6.7119924937055995,-0.5219355908806458,0.05558982491493225,7.509130025658586,2.37171290720416,171.09403723301466,0.002779752244387948
10.0,0.24082421168999998,7.306799559877563,7.283579811249145,-0.5715155014921756,0.1102495938539505,9.589397877615726,2.0087328057176954,54.024190509409465,0.002798655925953445
10.0,0.24422606744999995,7.305707174632488,7.282996900138686,-0.5641915142100721,0.11402372270822525,9.260265055056959,2.0201236501360587,59.552582371178744,0.0028153187953895223
10.0,0.24667734905999997,7.241372526064559,7.225124950199984,-0.47372618935706007,0.103097103536129,6.193017629007783,1.9028801539126403,111.95520397044825,0.002564777403935887
10.0,0.24776031304999996,7.303041653636407,7.280909847386996,-0.555824980329284,0.11759158223867416,8.906695362999795,2.029587418447165,65.70696355007777,0.002828127268935798
12.0,-0.014525308774999999,10.33981039666454,10.339765987214452,0.0005905773572746631,-0.03029884211719036,-6.367333484219447,0.4976069735140276,292.0168270261711,0.0005599438261875732
12.0,-0.013185175893299997,10.496606977635722,10.496551691926005,-0.018854729685376548,-0.028374651446938515,-6.284294765684224,0.4249374423209935,60.080884747977905,0.000754749991601913
12.0,-0.011898585760699998,10.75199096580019,10.75192681213143,-0.01755591791471392,-0.03273140639066696,-6.503345081101891,0.3759951266489503,46.293603301653235,0.0007266344726426598
12.0,-0.010663399167000001,10.860553065968158,10.860481758634887,-0.0152435332928679,-0.03628365695476532,-6.625373342544519,0.35485266389882275,48.581874220386226,0.0007021242728853646
12.0,-0.009489201220909092,10.68806602465202,10.688026138983162,-0.027764995755748423,-0.009039067663252354,-6.466190959690539,0.38407892536656507,-12.752413261717777,0.000816401496304572
12.0,-0.0094775623693,10.910323001773804,10.910245226599118,-0.01501409848882454,-0.038362421095371246,-6.679064592829743,0.34738924260932214,52.05653884931121,0.0006881402705447941
12.0,-0.009436034686181817,10.95075852747773,10.950679685467081,-0.015346440927633237,-0.03861657902598381,-6.716061687914333,0.34015599921660633,48.93909452901565,0.000683555913127984
12.0,-0.008339103679699996,10.951547083013681,10.951464518445,-0.014853641536288487,-0.039846982806921005,-6.723592369657096,0.3397965377273946,55.26718592450189,0.0006756982411973216
12.0,-0.0072461301877000004,10.992074768965548,10.991987963951726,-0.014551543623380181,-0.04118955507874489,-6.7714727055747,0.3319591539454241,58.54202218392257,0.0006627798148789352
12.0,-0.0067997474382,11.022970563253592,11.022879943043552,-0.01457349420226195,-0.04225414618849754,-6.803818248332977,0.32812077923093463,61.89628197941684,0.0006530414334646947
12.0,-0.006196824607899999,11.028852289891327,11.028760355188519,-0.014102814826918858,-0.04276646673679352,-6.818119397535942,0.32494138320675314,62.56118868073969,0.0006495997263291351
12.0,-0.005189442262,11.063393585885068,11.06329641007745,-0.013740668398721456,-0.044287391006946564,-6.860815513976867,0.3203572280218905,67.34150853448426,0.0006372254052548175
12.0,-0.0042223081786,11.092948008283383,11.092846781866877,-0.013514749414915816,-0.04542180150747299,-6.897738327146402,0.3169781879035585,71.83387538111063,0.0006262652504908418
12.0,-0.00329381430636,11.09497081160716,11.094867702471728,-0.013895644060429063,-0.04576992616057396,-6.901110632062174,0.3194329422438065,75.93102512927538,0.0006221291920872102
12.0,-0.001000971973818182,11.073440221476561,11.073330990828588,-0.015369297995106418,-0.04672141745686531,-6.874430260673625,0.3283902732281023,79.78889458508155,0.000623404527168879
12.0,0.020625368068000003,11.512716876279066,11.512634199364822,-0.04136714511300087,-0.013871707953512669,-7.580193078665916,0.4526712237703183,184.5341877879397,0.00044307671253902186
12.0,0.021314111989000007,11.51102983339369,11.51094296696259,-0.043089888557628866,-0.011962362565100193,-7.587890659648202,0.45784460986221265,183.6822667966847,0.00044553733265031113
12.0,0.022008210707,11.506952043759473,11.506860279426897,-0.044900154746536164,-0.009788934141397476,-7.597485720435319,0.4644708535129185,183.94584632568277,0.0004475357998942604
12.0,0.022707705852000003,11.501594900472504,11.50149774034357,-0.04667854981319211,-0.007489755284041166,-7.607677387236394,0.47161106582135237,184.6810300126546,0.0004494957300086766
12.0,0.023412639384,11.498046139022815,11.497942651185227,-0.04851531596765024,-0.0051058074459433556,-7.618671580803287,0.47836485702888365,184.61643250028064,0.00045185888532907033
12.0,0.024123053585999997,11.497425365861027,11.497315368321836,-0.050212364273046886,-0.002843126654624939,-7.631005669673395,0.4832600689456039,183.21134566033356,0.00045408125817372573
12.0,0.024838991063,11.498376230903958,11.498259696477422,-0.05176349333079405,-0.0006637305486947298,-7.642291349236076,0.48697191730068057,180.94659444269246,0.0004563681197338788
12.0,0.025560494760000003,11.497590029749652,11.497466596981148,-0.05325866577969747,0.0013630923349410295,-7.6484572183243715,0.49056254952288936,178.06153338119665,0.0004596243608359124
12.0,0.026287607951,11.492988736994384,11.492857769865463,-0.05478496382752472,0.0029996768571436405,-7.647257424354617,0.49448027127633276,174.84870360647284,0.0004641978888315118
12.0,0.027020374252,11.486694097553944,11.486555279018619,-0.056306644713834966,0.004321410786360502,-7.642483635965554,0.4986549262987694,171.82234615887188,0.0004690719088751179
12.0,0.047311567314000005,10.618631958598952,10.617809845811838,-0.12811732601841558,0.03232183679938316,-7.6460444665011815,1.156931798684841,388.4099504000332,0.000688735791149025
12.0,0.048207789195999995,10.593629561196787,10.592758405070557,-0.13158154418127543,0.033807527273893356,-7.649246111067808,1.1817487850246173,391.9499995010277,0.0007003046374349203
12.0,0.04911097895699999,10.56773636768915,10.56681515287853,-0.13500888223702717,0.035242922604084015,-7.649034548651511,1.2063761350048858,395.13409782271316,0.00071173728667568
12.0,0.050021190775999994,10.535558058410775,10.53458351154744,-0.13854136185007182,0.036607805639505386,-7.640111316070812,1.2323256037452262,398.91515704256705,0.0007238131645114095
12.0,0.050938479241,10.502088334987942,10.501056458163578,-0.14219122261853126,0.03813547641038895,-7.632939820297051,1.2605060058829223,403.65263956193655,0.0007363753906780846
12.0,0.051862899378,10.469250621608566,10.46815085245368,-0.14633794208799114,0.040143679827451706,-7.627500315504707,1.2919575586323164,409.71575568858725,0.00074984933703587
12.0,0.05279450663199999,10.442738200226527,10.441553086514269,-0.15141922417533046,0.042690496891736984,-7.615657991717814,1.3248638326257995,415.52870772180586,0.0007646274969318861
12.0,0.05373335687499999,10.418933309767946,10.417650205558516,-0.15699674152111132,0.04568950831890106,-7.602242113692376,1.3582851475342939,421.0199936915116,0.0007797074171865009
12.0,0.07633931629800002,9.996925204757744,9.989159603030341,-0.38136665916594714,0.09881015121936798,-5.4679915254542255,2.2000328234598507,451.4022654468953,0.0012978925391500583
12.0,0.07746122105399998,9.914934605235306,9.906743387564713,-0.3905085373073529,0.0993315726518631,-5.316377435439239,2.2419932124224027,450.77459827230126,0.0013322039992582626
12.0,0.07859184831199997,9.83516287911729,9.826624777935928,-0.39740239151690304,0.09972798824310303,-5.201108358127945,2.277155132790625,450.4822947144129,0.0013606322299502668
12.0,0.07973126588999999,9.767916343584107,9.759078083927413,-0.40313265324931896,0.10034296661615372,-5.090033858323763,2.3000821890790255,448.3614383347021,0.0013841701720762605
12.0,0.08087954213199999,9.7146386810909,9.705427407273293,-0.4105318875563657,0.10172077268362045,-4.94905665646148,2.320314713874715,443.74101978213093,0.001407047958538996
12.0,0.082036745907,9.68108418768945,9.671458824556126,-0.41901324897330344,0.1034560352563858,-4.789295062725549,2.336104621446919,438.7355403656606,0.0014282974293260082
12.0,0.083202946631,9.670477438118532,9.660441500652343,-0.42795925780411614,0.10418621450662613,-4.616629336942267,2.342726984547457,432.3454276371814,0.0014455559169286698
12.0,0.11267671252000003,7.861894387521488,7.838226115089023,-0.597326603488383,0.12163740396499634,1.9171695950215468,2.6048157686780486,311.76655175926317,0.00227593352040852
12.0,0.11408113065,7.77277392540798,7.748806213513751,-0.5982715881934348,0.1186923235654831,2.1892682460482478,2.5979042024702808,304.7214528473222,0.002310058831546726
12.0,0.1154964678,7.691074278520371,7.666928294272754,-0.5977275594888912,0.11642960458993912,2.46231164079839,2.5855680356071353,297.8600904639397,0.002337734051605767
12.0,0.11692280877000001,7.620415360390355,7.596078639915718,-0.5976621906480375,0.11454024165868759,2.728290026190975,2.5726744991962294,289.94640798841476,0.002363820712648034
12.0,0.11836023916999998,7.557782381830167,7.533293946745346,-0.5974024774306698,0.11254831403493881,3.000748098256029,2.5570453791566288,281.3400589939075,0.002390320452693956
12.0,0.11980884517999998,7.506269088470909,7.481650939953419,-0.5972623529325205,0.1106911152601242,3.2760434573929755,2.537151228123582,271.3610063653245,0.0024130930181587126
12.0,0.14597592738545453,6.780495814824633,6.756175940213904,-0.5720252700110773,0.044690605252981186,9.595308461388358,1.9677510812954448,112.75362655069685,0.002619497591251982
12.0,0.15992251389999998,7.1547204939359865,7.126078566434117,-0.6362756564363354,0.06467534601688385,9.658480058617197,2.2296065473472075,107.43713472319686,0.00286249526642771
12.0,0.16169425533999998,7.1778539569182795,7.1489923827820085,-0.639579849711315,0.06658042967319489,9.82951463817083,2.2051310494221825,99.72798845507239,0.0028550571126160175
12.0,0.16347977159000002,7.2069146851785595,7.177854688484845,-0.6428505283239803,0.06902571022510529,9.994521099276112,2.1771114858769605,92.10417534488678,0.0028443280830668886
12.0,0.16527916973000004,7.232143691826769,7.202901388134717,-0.6457656600842678,0.07141907513141632,10.136294245962373,2.149777094735678,84.55049073738871,0.0028307378423840304
12.0,0.16709255769999998,7.2603277081412925,7.230886348793929,-0.6489669372526261,0.07404697686433792,10.26545451152772,2.125568333574807,76.76594482144563,0.0028188501623277176
12.0,0.16892004428999993,7.291191293158339,7.261493011436071,-0.6528176669015235,0.0775810033082962,10.383164078845674,2.1038345975228223,69.40410020012646,0.0028073158531148725
12.0,0.1707617391,7.326987568353716,7.297041593257019,-0.6567733459024809,0.08111464232206345,10.479918623898774,2.08222205207377,63.325950173630105,0.0027947960665718613
12.0,0.24082421168999998,7.44606925398093,7.432575538075778,-0.43442081014597833,0.10975775867700577,5.29085483802527,1.6987180015800145,118.02919647402433,0.00241829231108805
12.0,0.24422606744999995,7.418495060306481,7.405890852127195,-0.41930141068310073,0.10505224019289017,5.0978958102014404,1.67547774404519,121.73417302443701,0.002375751125015069
12.0,0.24667734905999997,7.139226641116278,7.131588930316259,-0.32217913860156916,0.07208997756242752,3.666814754870485,1.5348731443381418,160.69641392019128,0.0020287973477703296
12.0,0.24776031304999996,7.387940699341144,7.37619885542772,-0.40387839684509186,0.10119517147541046,4.944566184059638,1.6565070674169708,124.48899225630677,0.002339333879074342
15.0,-0.014525308774999999,11.531476571869682,11.531343275464842,0.036420784295695646,-0.04180571064352989,-6.244478718937153,0.4614933482171948,217.5619656189819,0.0006352467431685776
15.0,-0.013185175893299997,11.579965062408231,11.579924145038552,0.013637167813975004,-0.027598358690738678,-6.167928854779106,0.42820629523851306,47.19085614103548,0.0007870084958918784
15.0,-0.011898585760699998,11.903988768288054,11.903925469296468,0.016028976085769586,-0.03535659611225128,-6.397041078715853,0.3809861268829664,37.3490045528774,0.0007540896895951247
15.0,-0.010663399167000001,12.06309219911558,12.063011211173794,0.01732955847433504,-0.04066460207104683,-6.5190171547624605,0.36396000878301993,41.107019217116004,0.0007287866981553294
15.0,-0.009489201220909092,11.98396469618009,11.98396190000749,0.0006813787098238488,-0.00815807469189167,-6.448792536712987,0.38645903017595695,-13.818996070324829,0.000823186762848323
15.0,-0.0094775623693,12.151473577787607,12.151384182512722,0.016942242161977955,-0.04342258721590042,-6.585397448638468,0.35773264484164957,45.155837761332435,0.0007131509651742559
15.0,-0.009436034686181817,12.211362925499719,12.211273649195778,0.01634392580422156,-0.04374058544635773,-6.629293359049148,0.35075214780853603,42.55952409079856,0.0007069101941239869
15.0,-0.008339103679699996,12.219684140181432,12.219585876534406,0.016818315852490245,-0.04602864384651184,-6.6414704215924925,0.35231039294032085,49.21696554305217,0.000698619833156666
15.0,-0.0072461301877000004,12.285858634571932,12.285750603180315,0.016833073825632677,-0.04869448393583298,-6.694436717997873,0.34496859626265275,53.17243284941205,0.0006838393317641718
15.0,-0.0067997474382,12.329812237646518,12.32969979114642,0.01659259172137245,-0.04997561126947403,-6.728795864820594,0.34012934596413924,56.19425414254104,0.0006739514848247542
15.0,-0.006196824607899999,12.34562339013036,12.345507319303909,0.017194839020310326,-0.05069770663976669,-6.748435438994783,0.33576822029417386,57.047140273045386,0.0006689853659196815
15.0,-0.005189442262,12.402343058462838,12.402217580280873,0.017780024001275235,-0.052880071103572845,-6.804630177872854,0.32669100073364654,61.38581240628645,0.0006532749001760194
15.0,-0.0042223081786,12.446079440815213,12.445944544782968,0.01822916791868029,-0.05500484257936478,-6.849392553912945,0.3221193041572168,66.86186402414859,0.0006398180272300523
15.0,-0.00329381430636,12.453966771777305,12.453827399432932,0.01768647776738383,-0.056201834231615067,-6.855915258276729,0.3247553210381895,72.29374196098266,0.0006337669173944991
15.0,-0.001000971973818182,12.423252277633496,12.42310950349234,0.015444875502371946,-0.057522810995578766,-6.826896887118748,0.3359510146310174,78.2699584344513,0.0006336640866741747
15.0,0.020625368068000003,12.948776456498582,12.948727806562946,-0.035064346880619865,0.005513936281204224,-7.678469462700245,0.5296619518144876,208.72196569239162,0.00045324329512167133
15.0,0.021314111989000007,12.938952975820852,12.93889551237861,-0.037754398370845224,0.007850837893784046,-7.676469962796888,0.5358614370664956,205.69210404690074,0.0004592306967405532
15.0,0.022008210707,12.924034569837064,12.92396715276144,-0.04052943952040754,0.009998060762882233,-7.669056815729847,0.5432360141811059,203.1048775336069,0.0004658452291661187
15.0,0.022707705852000003,12.90675176647582,12.906673110097445,-0.04343336301521436,0.011997228488326073,-7.659056025242142,0.5519783831100635,201.38906782440495,0.00047257449491910474
15.0,0.023412639384,12.883102106205737,12.883010930705554,-0.04634802882342222,0.014180919155478477,-7.647184082716968,0.5628583224629362,201.09930332515717,0.0004793431758628034
15.0,0.024123053585999997,12.855928058897783,12.855823810634025,-0.04928830505230149,0.01584514044225216,-7.631729683275833,0.5754383512681946,201.68261863916942,0.00048721509189703993
15.0,0.024838991063,12.829530318460263,12.829412284490488,-0.052235002948024606,0.017324298620224,-7.614255567967118,0.5880712780994222,202.12114079333463,0.0004950982276019002
15.0,0.025560494760000003,12.807053447696239,12.806920546844477,-0.05526793586591586,0.018696904182434082,-7.5964838548594775,0.6005246784255263,202.5512959326228,0.0005025110152017476
15.0,0.026287607951,12.774729245305544,12.774581927040561,-0.05808683581396175,0.01974334567785263,-7.578419245339942,0.6148176637705682,205.4320881089772,0.0005092963793078518
15.0,0.027020374252,12.73905661613202,12.738895367302957,-0.06061211817694985,0.020843729376792908,-7.563475416530138,0.6300259483564639,209.32202988445417,0.0005166509221828097
15.0,0.047311567314000005,11.365346984947907,11.362900807341472,-0.21940463058133108,0.08636514842510223,-7.498032109088974,1.6590886445032245,480.0847042597278,0.0009147446898476478
15.0,0.048207789195999995,11.357618695815079,11.354924589660675,-0.23054912840199962,0.08964988589286804,-7.442772476090934,1.6895881839702578,478.1115735783524,0.0009367844156959757
15.0,0.04911097895699999,11.366194666595375,11.36324167965716,-0.2421327225188637,0.09214919060468674,-7.374630572495228,1.7156516311068044,474.6723072874345,0.0009566791844269509
15.0,0.050021190775999994,11.375954509446426,11.372715109691743,-0.2540660687386052,0.09561625123023987,-7.288879623783079,1.7421718470810097,471.4155414044209,0.0009765022448282884
15.0,0.050938479241,11.386825490262543,11.383281178946513,-0.2663797589332203,0.09872269630432129,-7.1894481089557685,1.7687656722412073,468.0327283354419,0.000996303597606028
15.0,0.051862899378,11.406494367679041,11.402618024175709,-0.2793242211659068,0.10195064544677734,-7.0775043226899585,1.7935301945639144,463.7445701056823,0.0010152226452421614
15.0,0.05279450663199999,11.430874962595597,11.42663858145157,-0.29305438873909234,0.10465306788682938,-6.954619938669384,1.8197366603980862,459.17484363614636,0.001033420707087786
15.0,0.05373335687499999,11.455124147133679,11.450522498041686,-0.30677901571845745,0.10625621676445007,-6.825580028611975,1.8438412466579113,453.7699153568134,0.0010498094750924108
15.0,0.07633931629800002,10.20383402246729,10.184204213485193,-0.6160145350769808,0.14401176571846008,-2.049650040222586,2.438083794876429,373.7136785362245,0.0017214076261450647
15.0,0.07746122105399998,10.14588696934866,10.125374806214692,-0.6272443190719461,0.1495727002620697,-1.69581398520657,2.4308973223252073,367.2322116657201,0.0017507208845780951
15.0,0.07859184831199997,10.071890472884045,10.050375602776448,-0.6395081778096015,0.15478123724460602,-1.3227253573009667,2.429951336102107,360.3574950959931,0.0017858898202090037
15.0,0.07973126588999999,9.975385290115877,9.952805400369142,-0.6515225234445066,0.15967075526714325,-0.9607294978256009,2.438319997837948,354.3752056694016,0.0018261632425524803
15.0,0.08087954213199999,9.861146472851344,9.837533178303744,-0.6621419610462032,0.1634587049484253,-0.6131988255579613,2.450976769628758,349.4487303246388,0.0018675648881442207
15.0,0.082036745907,9.722447002699282,9.697919463544007,-0.67060917446363,0.16314758360385895,-0.273319337459367,2.461721247144858,344.3728774085946,0.001908060545333104
15.0,0.083202946631,9.59267429377585,9.56728027012285,-0.6783361171042566,0.16250677406787872,0.05772906524429344,2.468269930852082,339.1881939059638,0.0019450552384521233
15.0,0.11267671252000003,7.492890382741529,7.459291588167531,-0.702873390833129,0.09134706854820251,7.166771261110344,2.285265993239672,167.7843817191366,0.0026682380843751014
15.0,0.11408113065,7.51107816316775,7.477444619341744,-0.7046916883415193,0.08675691485404968,7.471977784802045,2.2495215818673406,161.37364470731353,0.0026623263911423408
15.0,0.1154964678,7.530811271125048,7.4970863532184975,-0.7071887170647655,0.08184578269720078,7.761317127271481,2.2146340061839953,155.24953920425187,0.0026556076621235053
15.0,0.11692280877000001,7.555089581067636,7.521273942791703,-0.7098674840428063,0.07684406638145447,8.0249765535121,2.179233431980464,149.78103052083083,0.0026461414796748297
15.0,0.11836023916999998,7.576939378453815,7.54291495844585,-0.7134817811346088,0.07340314984321594,8.277916817327013,2.1476060800965024,144.55224757865273,0.0026386779596512923
15.0,0.11980884517999998,7.589787210459279,7.555492952388441,-0.7172304757499084,0.07054495811462402,8.525396890246654,2.1200278270131063,139.05993707651305,0.00263322656560116
15.0,0.14597592738545453,7.743140482599703,7.714510373922893,-0.656924687137967,0.10490080714225769,7.547973825568097,1.8355549444933912,87.91132832807472,0.002485313794057056
15.0,0.15992251389999998,8.186286652959154,8.146461486914117,-0.7896378023386506,0.16409310698509216,9.702857391059627,2.049837227009062,55.752071883376374,0.0028492507867247654
15.0,0.16169425533999998,8.202135313900659,8.163064545896809,-0.7816529764015512,0.16858099400997162,9.447486510150817,2.043957963735689,58.59808935016184,0.0028436915862742928
15.0,0.16347977159000002,8.208287737481859,8.170123180040223,-0.7716309740845875,0.1722220778465271,9.176037825880849,2.0351948134393862,62.11695735670713,0.0028351973199886816
15.0,0.16527916973000004,8.213246592181921,8.175970282978877,-0.7615769820393885,0.17586931586265564,8.901698728865565,2.028187382324517,65.74772212299271,0.0028268645193976977
15.0,0.16709255769999998,8.200985963289737,8.164794679561886,-0.7487542519054873,0.17794853448867798,8.62462718570913,2.0206643486360596,69.80675629495613,0.002817651316130996
15.0,0.16892004428999993,8.189850815614331,8.155004447368,-0.7332449945734543,0.17863544821739197,8.324815973771702,2.006340752898577,74.19521476516763,0.0028008389811697413
15.0,0.1707617391,8.176697470337436,8.143359354335038,-0.7159253355028179,0.17756931483745575,8.0116810309946,1.9844860815430134,77.785399138092,0.002776576882476758
15.0,0.24082421168999998,7.40741772894869,7.403284710649403,-0.24734318505488034,0.005852607544511557,4.292352164325598,1.2447393305518535,111.32358714908,0.0018620230659879204
15.0,0.24422606744999995,7.358494641619073,7.354851787440953,-0.231513361163871,-0.0003729823511093855,4.307359931998994,1.2156503435462909,108.88248271813805,0.0018433757173102908
15.0,0.24667734905999997,7.147442929162991,7.145901312749551,-0.1473253353156785,-0.018168644979596138,3.8319425117611097,1.0550751178849649,109.36000392212517,0.0016564431813690167
15.0,0.24776031304999996,7.308943142362851,7.305763864219333,-0.2154347781652948,-0.007216295227408409,4.334375982421402,1.1834538272844537,106.5434009300007,0.0018241467872496505
20.0,-0.014525308774999999,13.320232288767789,13.319721370073099,0.09888942079932408,-0.061900991946458817,-6.0384564171150465,0.405396012874236,131.89867808780153,0.0007240692656886878
20.0,-0.013185175893299997,13.326707313732387,13.326496024997738,0.07187600994408752,-0.02157222293317318,-6.027010420254683,0.4272738398811289,37.111817870275104,0.0008119882632553604
20.0,-0.011898585760699998,13.77501430041485,13.774769864746268,0.07473431249436391,-0.03389590606093407,-6.278469747155516,0.38581138677692817,29.636710445970436,0.0007781532488992467
20.0,-0.010663399167000001,13.979909054026937,13.979637530335532,0.07612000314825024,-0.04239604249596596,-6.389525441411583,0.3699331966884105,32.25146570031501,0.000757406224231466
20.0,-0.009489201220909092,14.16992408160349,14.16984136489498,0.04802097477845296,-0.006177224218845367,-6.428299190654363,0.3889808771862082,-15.432411929318562,0.0008282837128691026
20.0,-0.0094775623693,14.092468502156724,14.092191526659562,0.07372992313507856,-0.048686329275369644,-6.443454581880466,0.366601846489244,34.71328350437767,0.0007476012077299568
20.0,-0.009436034686181817,14.209178309185985,14.208906985576547,0.07225327863523512,-0.04989951103925705,-6.500732520329977,0.3589431722544669,32.23611256210225,0.0007386919111936252
20.0,-0.008339103679699996,14.22354234010537,14.22326252409831,0.0715384573138422,-0.0533115416765213,-6.507618171772385,0.36382030897698536,39.5541250132047,0.0007323123089146829
20.0,-0.0072461301877000004,14.357675056466313,14.357389215733614,0.07014276986988233,-0.05734044685959816,-6.575989503055098,0.3585819747296537,44.539336505438655,0.0007155075838169818
20.0,-0.0067997474382,14.429470023277702,14.429174688594989,0.06940151635778652,-0.060880113393068314,-6.615398879824175,0.3553261931390146,47.89509597884344,0.0007034267303012366
20.0,-0.006196824607899999,14.468929266243581,14.468629321905018,0.06988248056630694,-0.06161246448755264,-6.643853554677401,0.3520442688946146,49.48607606236379,0.0006978873350084736
20.0,-0.005189442262,14.574634706806568,14.574318217868292,0.0700119305259031,-0.0657544732093811,-6.708242341008002,0.34234085108072176,54.28290722142037,0.000679734590875933
20.0,-0.0042223081786,14.66346631900365,14.663135636135237,0.07047486662486718,-0.0687829777598381,-6.770240001895744,0.33263743326682893,59.39128533016779,0.0006621294642321783
20.0,-0.00329381430636,14.678092234992922,14.67775278564964,0.06985213437813462,-0.07131270319223404,-6.781788959132038,0.3334321290932625,66.00779002995273,0.0006532528510841851
20.0,-0.001000971973818182,14.604237698617233,14.603899710667996,0.06582415655811996,-0.07442566007375717,-6.734390985523591,0.34976127995915474,75.58096169938733,0.0006528968460571801
20.0,0.020625368068000003,15.031761299540994,15.031675502491375,-0.041948136525248494,0.028630543500185013,-7.580663687507501,0.6960619853971631,252.11653434931446,0.0005211213267710252
20.0,0.021314111989000007,14.965858029664474,14.965753422472469,-0.04668749609312231,0.030843792483210564,-7.560370150397603,0.7178152263197269,257.892837075576,0.000531673768460774
20.0,0.022008210707,14.902165944731914,14.902039961651647,-0.05162547832478746,0.03300962969660759,-7.5436430854877665,0.7403292593146282,262.8321617646143,0.0005418834736035595
20.0,0.022707705852000003,14.838327576071796,14.838173813374155,-0.05725580604389209,0.03584566339850426,-7.531022682147604,0.7656218683492917,267.7081714628581,0.0005528251890827712
20.0,0.023412639384,14.76496695972733,14.764780745825666,-0.0632241015141858,0.038750000298023224,-7.5278017618941595,0.7964286370524121,274.64080102763876,0.0005659446914112035
20.0,0.024123053585999997,14.686336917667838,14.68611850222468,-0.06917197133967673,0.040381137281656265,-7.533836462284352,0.8307264712300192,282.7763880409691,0.0005799195228905687
20.0,0.024838991063,14.598907543598653,14.598654847904777,-0.07531146607590752,0.04130715876817703,-7.540260437520531,0.8689490223633456,292.47636276744464,0.0005955559388081148
20.0,0.025560494760000003,14.51025988041623,14.50997066646308,-0.08138507095214101,0.042065732181072235,-7.542759224726348,0.9080102829315857,302.5921700595498,0.0006118520713583296
20.0,0.026287607951,14.437504322029758,14.43716695304671,-0.08833112450240131,0.044034428894519806,-7.554777380388119,0.9470517322700227,313.37215555844824,0.0006259908075911529
20.0,0.027020374252,14.36890583338815,14.368508169186583,-0.09605057378640061,0.0469268374145031,-7.568275062547859,0.9874278355667703,323.9953913070298,0.0006405715988465465
20.0,0.047311567314000005,12.676552628082163,12.662641598137927,-0.569682395179507,0.16720125079154968,-5.191451239032046,2.2951558817010933,452.98026811958584,0.001371370259626483
20.0,0.048207789195999995,12.534185498445153,12.519423681375503,-0.5840391412220467,0.1695142388343811,-5.030499254100419,2.3274645764986976,449.58704639501,0.0014052527868486289
20.0,0.04911097895699999,12.434180262211077,12.418416066129964,-0.6013972964063219,0.17350070178508759,-4.840888083979812,2.354802439711183,444.4688535625115,0.0014359214882018162
20.0,0.050021190775999994,12.38928853083165,12.372483400024498,-0.6207232604135784,0.17557747662067413,-4.622962575408789,2.369741791958488,437.3757779496927,0.0014620740282231142
20.0,0.050938479241,12.391916716260411,12.374096343635252,-0.6408435117514564,0.17509761452674866,-4.3619465040251235,2.369067648486604,426.0513091432723,0.0014839007510637115
20.0,0.051862899378,12.41051973376379,12.391545018819059,-0.663287627076053,0.17510463297367096,-4.034978200054424,2.356728009552256,411.6069980167291,0.0015050544278151275
20.0,0.05279450663199999,12.410501173729793,12.39031719771048,-0.6861719061507003,0.17247387766838074,-3.676174453818075,2.3421408682925335,397.8031829926482,0.00152648251088035
20.0,0.05373335687499999,12.370638615748256,12.349239895473985,-0.7071560157006267,0.17001216113567352,-3.3186892115739584,2.3296932377318105,385.8111422157471,0.0015495021895905918
20.0,0.07633931629800002,8.472169073028189,8.422330521785515,-0.9028366411170317,0.1639615297317505,4.693659270134691,2.496754802998325,226.77147653133468,0.0025692586379453134
20.0,0.07746122105399998,8.405050289497396,8.355061728673459,-0.9009156308265642,0.16175569593906403,5.050125956879014,2.4702800047790423,214.97410062895386,0.0025878008509920233
20.0,0.07859184831199997,8.33686448955854,8.287214765542352,-0.895191977141824,0.15495893359184265,5.409391849460296,2.436074129428434,204.668069030894,0.0026025931574292604
20.0,0.07973126588999999,8.2898771198614,8.240775896754101,-0.8886630227136694,0.1481665074825287,5.7709477876633155,2.3833776367685644,194.209909214692,0.002606691459202185
20.0,0.08087954213199999,8.266173232525249,8.217510510243239,-0.8844443095277943,0.14106447994709015,6.1117005584025135,2.3377882185610925,185.6563626173094,0.002605686274276662
20.0,0.082036745907,8.262051511710503,8.213877861692097,-0.880800327052587,0.13377757370471954,6.436486948653138,2.2903596238136474,177.06780373761956,0.0025979398234287033
20.0,0.083202946631,8.270063325736327,8.222048099421336,-0.8805214335532476,0.12866416573524475,6.752701299934116,2.2513879733183573,169.82261475495477,0.002595104271193879
20.0,0.11267671252000003,9.16321222039643,9.102278157951842,-1.0388973593828108,0.18352876603603363,10.78001003850312,1.883671430582886,33.256814135624694,0.002642906116916391
20.0,0.11408113065,9.202143150034875,9.141507163937364,-1.0374592448840303,0.1896408200263977,10.67912015341947,1.8776344433691474,33.93048133167244,0.0026407412082977994
20.0,0.1154964678,9.234247467042765,9.174056579959327,-1.0343054101092415,0.19551078975200653,10.542198838146948,1.8736172059278529,34.97087174588165,0.0026390814775443298
20.0,0.11692280877000001,9.262147342022603,9.20250701854178,-1.0297792702130375,0.20197181403636932,10.370082939576687,1.8730694611657053,36.583159134368486,0.0026404550579157203
20.0,0.11836023916999998,9.289072927247165,9.230128860225614,-1.023563706681832,0.2095576524734497,10.160370048936958,1.8728194975690524,38.975472064181645,0.0026410587737576243
20.0,0.11980884517999998,9.312729943733618,9.254629118698945,-1.015556650594603,0.2177695333957672,9.910015547987896,1.8726590929854785,41.50879926247319,0.0026400618816321275
20.0,0.14597592738545453,8.05475064416617,8.042825605097542,-0.42468961275788225,0.10771702975034714,3.343603329274514,1.4972854333412844,168.9613541854253,0.001954322515653113
20.0,0.15992251389999998,8.408504730374089,8.395791350873267,-0.44586401713715734,0.12183871120214462,4.417521892580882,1.4956872721556373,132.27039033346736,0.0021140721128768986
20.0,0.16169425533999998,8.349467263758905,8.337715898703301,-0.4286222652542466,0.11126605421304703,4.393719710331376,1.4701462057905044,131.07251889035618,0.0020856667849473197
20.0,0.16347977159000002,8.308965485477412,8.298118546385204,-0.41282498176211224,0.09854726493358612,4.374500910296265,1.4448062004309317,129.46137482067243,0.002058735014410623
20.0,0.16527916973000004,8.290887853908604,8.280863161851164,-0.3983306866656457,0.08636761456727982,4.347494732786619,1.4200374911988332,128.42576555782153,0.0020339505668783456
20.0,0.16709255769999998,8.26851069519839,8.259219714868088,-0.38466266862803594,0.0747893676161766,4.327479987927529,1.3978328554899944,127.25463589606545,0.002008345473611715
20.0,0.16892004428999993,8.251919460015365,8.243294753523383,-0.37171604607207087,0.06398095190525055,4.310838018122915,1.3762281477310836,126.0872331566415,0.0019833595110388016
20.0,0.1707617391,8.231364325188558,8.223384844065883,-0.35833351263776414,0.053828004747629166,4.303274896809653,1.3546214486372183,124.03897009677814,0.0019616683266974553
20.0,0.24082421168999998,7.5446123478042,7.543755468856218,0.05947040011193197,-0.09691324084997177,5.850445421488432,0.5427662633713406,31.283534971287907,0.0013887612369048565
20.0,0.24422606744999995,7.514599273475089,7.51349150202646,0.07767036973895791,-0.10302913933992386,5.984875001635679,0.5055711900146347,26.231164635595235,0.0013663894088060695
20.0,0.24667734905999997,7.54628415490367,7.5438682825184715,0.15826223779801402,-0.10681267082691193,5.9790763108743334,0.3311284098503282,17.02961612204956,0.001200974634025595
20.0,0.24776031304999996,7.487025690687816,7.485609265014451,0.0964685710051803,-0.10909371823072433,6.126105608258816,0.46678008722188036,20.830750238290022,0.0013431870811752519
